interaction,-50.926800
bounded,-342.429000
unbounded,-291.502000
